title,description,time_to_paste,location,price,link
ЦЕНТРЦИРК ,ЦЕНТР СРОЧНО РАЙОН ЦИРКА  ВЫСОКИЕ ПОТОЛКИ  3 ком 1...,16 sag öň,Ашхабад,,https://tmcars.info/others/4247229757/tsentrtsirk
3-ком 1-этаж 83 м² Центр ,Продаётся️Центр Шевченко Мечеть  Дом Болгарского типа  ️️️ Большая...,16 sag öň,Ашхабад,,https://tmcars.info/others/4247173425/3-kom-1-etaj-83-m-tsentr
Элитка-Советская5эт3ком ,"По улице Советской, элитная 3-комнатная недвижимость, на 5-этаже, в оч...",28.02.2026,ул. Советская (Гарашсызлык шаёлы),90.000 TMT,https://tmcars.info/others/4241325896/elitka-sovetskaya5et3kom
Гаудан В (W) 1 Комнт ,Gaudan W (В) Miryñ Ugry 4 Etajny Dom 3 Etaj 1 Komnat 2 Edilen Mebel Te...,3 gün öň,Ашхабад,45.500 TMT,https://tmcars.info/others/4244416108/gaudan-v-w-1-komnt
10-njy mkr. 2 kom gowdan plan. ,10-njy mkr. Aýtakow köçä golaý. Gowdan plan.4 etaźly domynñ 3-nji etaź...,25.02.2026,10 мкр,,https://tmcars.info/others/4236150672/10-njy-mkr-2-kom-gowdan-plan
10-njy mkr. 3 kom. gowdan plan ,10-njy mkr. Daşoguz bazaryñ arkasy. 4 etaźly domyñ 3-nji etaźy 3 komna...,25.02.2026,Ашхабад,,https://tmcars.info/others/4235342873/10-njy-mkr-3-kom-gowdan-plan
10-njy mkr. 2 kom. ,10-njy mkr 27-nji mekdebe golaý. 4 etaźly domyñ 4-nji etaźy 2 komnat. ...,düýn,Ашхабад,,https://tmcars.info/others/4246397300/10-njy-mkr-2-kom
Мир 5  2 комн  ,Продаётся МИР 5 район Оптового базара  ️2 комнаты  ️5 этаж в 9 этажн...,2 gün öň,Мир 5,61.500 TMT,https://tmcars.info/others/4244885593/mir-5-2-komn
14 tapgyr elitka 3 kom ,Продаётся элитная квартира 14 Этап ! 3 ком. 11 этаж Дом от телекечи ! ...,düýn,Ашхабад,,https://tmcars.info/others/4246210349/14-tapgyr-elitka-3-kom
Гаудан В 3 комн аркач ,Продается квартира в р-не Гаудан В  АРКАЧ.   3 комн + столовая.    4...,düýn,Ашхабад,62.000 TMT,https://tmcars.info/others/4245998544/gaudan-v-3-komn-arkac
Мир 2/2 ,3 ком 9 этаж Напротив 5 ножки по Московского  Прописка пустая. Квадрат...,01.03.2026,Мир 2,59.000 TMT,https://tmcars.info/others/4227095867/mir-2-2
Satlyk: 5 mkr 1 kom ,Satlyk 1 kom 1 et 5 mkr orta remontly dokument tayyn   Bahasy : ...,27.02.2026,Ашхабад,,https://tmcars.info/others/4238892691/satlyk-5-mkr-1-kom
15 Tapgyr 3 kom 7 etaj ,Satlyk elitka 15 tapgyr 3 kom 7 etaj 186 m² arassa gos remont kottej t...,2 gün öň,Ашхабад,,https://tmcars.info/others/4245031976/15-tapgyr-3-kom-7-etaj
ЦЕНТР 1 ЭТАЖ2 КОМНАТЫ ,АЛИШЕРА НАВОИ-КЕМИНЕ 2-Х КОМНАТНАЯ КВАРТИРА НА 1-М ЭТАЖЕ С Р...,2 gün öň,Ким район,47.500 TMT,https://tmcars.info/others/4238905657/tsentr-1-etaj2-komnaty
Коттедж Люкс ,Продаётся коттедж район Ботанического сада  4 сотки земли  5 комнат  Б...,3 gün öň,Ашхабад,,https://tmcars.info/others/4244507235/kottedj-lyuks
satlyk 1 etaj 2 komnat Gaudan ,Gaudan W 4/1 etaj 2 komnat remontly hemme goşy galÿa 2 nji wyhydy acyk...,3 gün öň,Ашхабад,66.500 TMT,https://tmcars.info/others/4234938039/satlyk-1-etaj-2-komnat-gaudan
15 Tapgyr 4 etaž 3 komnat ,14 Tapgyr elitka 12/4 etazy 3 komnat kottež tarapda ýerleşýär bergisi ...,düýn,Ашхабад,,https://tmcars.info/others/4246631150/15-tapgyr-4-etaz-3-komnat
Mir7 3komnat ,EŸESI OZUM MIR7 7ETAJ 3KOMNAT INÇE PRIHOJKA GOS REMONT ICI BOŠ DOKUMEN...,3 gün öň,Мир 7,58 TMT,https://tmcars.info/others/4244086227/mir7-3komnat
1 комнат не дорого ️ ,Хитровка Грибоедова 2/2эт 1в2ком 40м2 открытые подъезды без ремонта пр...,02.03.2026,Хитровка,28 TMT,https://tmcars.info/others/4242954361/1-komnat-ne-dorogo
🟥30-Мкр 1 Этаж Гауданка🟥 ,🟥СРОЧНО 30-МКР В КРУПНО ПАНЕЛЬНОМ ДОМЕ  🟥НА 1-ОМ ЭТАЖЕ 1/2 КОМНАТНАЯ...,3 gün öň,Ашхабад,37.500 TMT,https://tmcars.info/others/4244501743/30-mkr-1-etaj-gaudanka
 1 ком 1 эт  30 мкр  ,СРОЧНО ПРОДАЕТСЯ КВАРТИРА В 30 МКР НА 1 ЭТАЖЕ В СРЕДНЕМ СОСТОЯНИИ 1 ко...,26.02.2026,30 мкр,1 TMT,https://tmcars.info/others/4240160026/1-kom-1-et-30-mkr
elitka 3 komnat 3 etaź ,"Продаю от хозяина 3 комнатную элитку на 3 этаже в 12 этажном доме, рай...",01.03.2026,Ашхабад,,https://tmcars.info/others/4240680382/elitka-3-komnat-3-etaz
️ШЕВЧЕНКО 1 ЭТАЖ 2 КОМНАТНАЯ ,️ШЕВЧЕНКО ПАНЕЛЬКА НА 1-ОМ ЭТАЖЕ 2 КОМНТ  ️ПОСЛЕ РЕМОНТА С МЕБЕЛЬЮ И...,2 gün öň,Ашхабад,64.000 TMT,https://tmcars.info/others/4244907954/shevcenko-1-etaj-2-komnatnaya
14 TAPGYR 5 ETAZ 4 KOMNAT ,14 tapgyr elitka ( Sawhoznyy koce ) 5 etaz 4 komnat 212m2 gos remontly...,01.03.2026,Ашхабад,,https://tmcars.info/others/4233763182/14-tapgyr-5-etaz-4-komnat
"Гоголя, 2 комнаты ","Гоголя - Гурбансолтан эдже,  2 комнаты, 8 этаж, 86м², в чистом состоян...",19 sag öň,Ашхабад,,https://tmcars.info/others/4192045572/gogolya-2-komnaty
 AMATLY 2-KOM ,10-мкр 4-х этажный крупнопанельный дом 2-й этаж 2-комнатЫ с ремонтом м...,2 gün öň,10 мкр,,https://tmcars.info/others/4242375952/amatly-2-kom
13 Tapgyr 5 kom ,Amatly!  Срочно! Gyssagly  13 Tapgyr ministerstwo! 2 etaj  5 komnat  2...,3 gün öň,Ашхабад,,https://tmcars.info/others/4207967198/13-tapgyr-5-kom
10mkr 1etaz 2kom ewro ,"Продаю квартиру  10 мкр 1 этаж 2 комнаты  2 санузла 2 душевой  Двор , ...",3 gün öň,Ашхабад,,https://tmcars.info/others/4231321923/10mkr-1etaz-2kom-ewro
5mkr 3/4komnat 2etaz ,5mkr hudayberdiyewa golay 3/2etaz 3komnat 4edilen kosmetiçiskiy remont...,3 gün öň,Ашхабад,46 TMT,https://tmcars.info/others/4244143833/5mkr-3-4komnat-2etaz
Свобода 3 ком Люкс ,Продаётся квартира ул.Свобода  район ТЦ. Аркач ! 4в3 ком. 3 этаж 72м2....,şu wagt,Ашхабад,,https://tmcars.info/others/4218965957/svoboda-3-kom-lyuks
2МКР 3эт 2ком 56м2 Ипотека , Продаётся Квартира Срочно МОЖНО В ИПОТЕКУ   2МКР Сурикова Атабаев...,2 gün öň,Ашхабад,43.000 TMT,https://tmcars.info/others/4224569053/2mkr-3et-2kom-56m2-ipoteka
90 razyezd Bagyr  Bekrewe Gokj ,EYESINDEN  ACYK SOWDA  90 razyezd  7 sotok yeri  plan jay 3 kom + kuhn...,2 gün öň,Рухабат (90-й разьезд),60.000 TMT,https://tmcars.info/others/4245291809/90-razyezd-bagyr-bekrewe-gokj
Свобода 1 этаж 1 ком ,Район Копетдаг Ресторана  Свобода 1 этаж 1 ком переделанная в2ух В с...,15 sag öň,Ашхабад,37.500 TMT,https://tmcars.info/others/4247245024/svoboda-1-etaj-1-kom
3 ком 3 мкр ,3 мкр 3 этажный дом 1 этаж 3 комнаты 64м² средний ремонт 2 выхода подв...,düýn,3 мкр,47.700 TMT,https://tmcars.info/others/4246882322/3-kom-3-mkr
️5мкр 2эт 3ком 64м2 Срочно️ , Продаётся Квартира Срочно   5мкр по Карбышова возле школы   3эт...,18 sag öň,Ашхабад,46.500 TMT,https://tmcars.info/others/4247124877/5mkr-2et-3kom-64m2-srocno
Gurtly 4kom 3etaj ,Gurtly Badly Bazaryn yany 4kom 155m2 3etaj arassa remont baha 99.999...,düýn,Ашхабад,,https://tmcars.info/others/4241565298/gurtly-4kom-3etaj
3mkr gaudanka 1kom 2 edilen 3м ,3Mkr  Gaudanka  4/3 etaz  1 kom 2 edilen 46 m² remont ortaca arassa  d...,düýn,3 мкр,37.500 TMT,https://tmcars.info/others/4246617921/3mkr-gaudanka-1kom-2-edilen-3m
Taslama ,Taslama Turk firman yeri gowy centir 2 komnat 96m² arassa remont dokum...,düýn,Ашхабад,,https://tmcars.info/others/4246135133/taslama
3 Mkr  3 kom 1 Etaj ,3 Mkr 3 Mkr 1 Etaj 3 komnat 2 vyhydly + podwal  Remont arassa gosy Bol...,düýn,Ашхабад,,https://tmcars.info/others/4221182856/3-mkr-3-kom-1-etaj
SVOBODA 2x3 KOMNAT EVRO REMONT ,"Свобода 12 школа 2/2 этаж Высокий потолок 2в3 комнаты, ремонт евро, те...",düýn,Ашхабад,,https://tmcars.info/others/4241476799/svoboda-2x3-komnat-evro-remont
2komnat satlyk jay 30 mkr ,30 mkr 3 etaz 2 komnat 56 m² yewro remont  remontdan son yasalmadyk  d...,11 sag öň,Ашхабад,47.500 TMT,https://tmcars.info/others/4245127220/2komnat-satlyk-jay-30-mkr
2 КОМ КВ ГАУДАН В ЛЮКС РЕМОНТ ,ПРОДАЖА 2 КОМ КВ ГАУДАН В  НА 4 ЭТАЖЕ ЛЮКС РЕМОНТ ВСЯ МЕБЕЛЬ...,düýn,"Гаудан ""В""",72.500 TMT,https://tmcars.info/others/4246298196/2-kom-kv-gaudan-v-lyuks-remont
Gokje full plan jay ,Gokje full plan jay 4sotok 3komnat 150m² taze galdyrylandan son hichil...,düýn,Гёкдже,135.000 TMT,https://tmcars.info/others/4233821645/gokje-full-plan-jay
2kom 3etaj 30mkr ,2в3комнаты 3этаж 30мкр.  Квартира после косметического ремонта.  Мебел...,18 sag öň,Ашхабад,42.200 TMT,https://tmcars.info/others/4247127267/2kom-3etaj-30mkr
3мкр 4ком АТАБАЕВА ,3мкр по АТАБАЕВА  3/3эт 4ком  КОСМЕТ.РЕМ  Ламинат +обои Имеется видеон...,düýn,Ашхабад,53.000 TMT,https://tmcars.info/others/4244002056/3mkr-4kom-atabaeva
30-Mkr. ½-Kom.Kwartira ,"GyssaglySatýan30-Nji Mikroraýon""Ozan"" markedyň ýanynda., 1-(bi...",18 sag öň,30 мкр,34.499 TMT,https://tmcars.info/others/4244908979/30-mkr-komkwartira
Московский Беркарар 3 ком 6эт ,Продажа 3- комнатная квартира на шестом этаже Московский рядом т.ц. Бе...,02.03.2026,Ашхабад,,https://tmcars.info/others/4211904135/moskovskii-berkarar-3-kom-6et
Мир 1 4 ком евро-люкс , ПРОДАЁТСЯ!  Уникальная квартира Аналогов нет! Квартира с авторск...,düýn,Мир 1,,https://tmcars.info/others/4238916078/mir-1-4-kom-evro-lyuks
Gurtly 4kom full remont lifitl ,Satlyk Gurtly pol Elitka 4 komnat 4-nji etaz Lifitli 2017 -nji ÿyl  Fu...,26.02.2026,Ашхабад,,https://tmcars.info/others/4228665163/gurtly-4kom-full-remont-lifitl
MIR 2 FULL️ 4/2 ET 3 KOMNAT ,SATLYK MIR 2 4/2 ETAJ 3 KOMNAT 76 KW FULL REMONT MEBEL TEHNIKA BAHA BE...,16 sag öň,Мир 2,76.000 TMT,https://tmcars.info/others/4247178700/mir-2-full-4-2-et-3-komnat
14Tapgyr 3 kom Eyesi ,14TAPGYR 10 et 3 komnat 190m² s remontom   dokumenty tayyar prapiska b...,2 gün öň,Ашхабад,,https://tmcars.info/others/4245845992/14tapgyr-3-kom-eyesi
1 КОМН 4 МКР 1 ЭТАЖ ,СРОЧНО ПРОДАЮ 1 КОМНАТНУЮ КВАРТИРУ В 4 МКР ПО АТАБАЕВА НА ПРОТИВ НОВОЙ...,13 sag öň,Ашхабад,,https://tmcars.info/others/4247303295/1-komn-4-mkr-1-etaj
2КОМ 1ЭТ 65КВ² СВОБОДА ,30МКР СВОБОДА ВЫСОКИЙ ПОТОЛОК 3/1ЭТ 2КОМ 65КВ² ГОШ БОЛЕК ГАЛЙЯ ДОКУМЕН...,düýn,Ашхабад,55.800 TMT,https://tmcars.info/others/4246644153/2kom-1et-65kv-svoboda
Gurtly 4 komnat ️Yewro -Lux️ ,Gurtly 4 komnat 150m² 4/3-nji etazy Lux remont 0-dan edilen Hemme gosl...,16 sag öň,Ашхабад,118 TMT,https://tmcars.info/others/4247164639/gurtly-4-komnat-yewro-lux
gyssagly eyesinden ,"11mkr 50 mekdebiñ gapdaly 2kom aÿry komnatlar 2 etаż , remontly, hemme...",3 gün öň,Ашхабад,47.000 TMT,https://tmcars.info/others/4238922680/gyssagly-eyesinden
ДОМ АК АЛТЫН ,ПРОДАЕТСЯ  ДОМ 4.6 СОТОК ЗЕМЛИ  (ПОД СЛОМ) В РАЙОНЕ  АК АЛТЫНА  ВСЯ ДО...,düýn,Ашхабад,,https://tmcars.info/others/4211862264/dom-ak-altyn
Satlyk Çoganly Kottej ,Eyesinden Coganly 1_Nji Swtafor Yerine Soz Yok Kottej Mansardaly 6Komn...,23.02.2026,Чоганлы,135.000 TMT,https://tmcars.info/others/4237554715/satlyk-coganly-kottej
14 ЭТАП СОВХОЗНАЯ ,ПРОДАЕТСЯ  ПО УЛ.СОВХОЗНОЙ  14 ЭТАП  4 КОМНАТЫ  В ХОРОШЕМ СОСТОЯНИИ  2...,düýn,Ашхабад,,https://tmcars.info/others/4239338347/14-etap-sovhoznaya
ГУРТЛИ ,ПРОДАЕТСЯ  ГУРТЛИ  (2017 ГОД) 2 КОМНАТЫ  1 ЭТАЖ  98 КВАДРАТОВ  С РЕМОН...,düýn,Ашхабад,,https://tmcars.info/others/4246745396/gurtli
ГОГОЛЯ ,ПРОДАЕТСЯ    3 КОМНАТНАЯ ПОЛУЭЛИТНАЯ  КВАРТИРА  ПЕРЕДЕЛАННАЯ  В  4...,düýn,Ашхабад,,https://tmcars.info/others/4246746927/gogolya
2KOM BEYIK POTOL SWOBODA30MKR ,ГАТЫ АМАТЛЫ ПУРСАТ БЕЙИК ПОТОЛОК  ВЫСОКИЙ ПОТОЛОК 65КВ² 3/1ЭТАЖ 2КОМ С...,23 sag öň,Ашхабад,55.800 TMT,https://tmcars.info/others/4246905588/2kom-beyik-potol-swoboda30mkr
plan jay choganly ,"choganly pkan jay, 3 sotok, yashalmadyk hemme zady tayin, 3 svetofor s...",22 sag öň,Ашхабад,72.000 TMT,https://tmcars.info/others/4212365929/plan-jay-choganly
Mir 7/1  3kom Mir7 мир7 ,Mir  7/1    9/2  etažy  3komnat 86m²  Kwadrat prihoşka Gos remont  zal...,19 sag öň,Ашхабад,59.500 TMT,https://tmcars.info/others/4247011571/mir-7-1-3kom-mir7-mir7
Kim rayon  2kom  Kimrayon ,Kimrayon  gowdanka 4/1 etažy   2komnat 64m² +podwal +agarod  2 çykalga...,20 sag öň,Ким район,63.500 TMT,https://tmcars.info/others/4245027806/kim-rayon-2kom-kimrayon
Taze Gurtly 3kom120m² liftli ,Gurtly   4/2 etažy 3komnat 120m²  liftli dom...Podýezde 2gapy...... ýe...,20 sag öň,Ашхабад,103.000 TMT,https://tmcars.info/others/4245197631/taze-gurtly-3kom120m-liftli
11 mkr 2 komnat panelny dom ,11 mkr 2 komnat +weranda 57.kw parawozik 4/4 etaz 2 nji proyez remontl...,13 sag öň,Ашхабад,42.500 TMT,https://tmcars.info/others/4246100296/11-mkr-2-komnat-panelny-dom
Taslama 2+1 komnat eyesinden ,Taslama Total firma 4/3etazy 2komnat + susilka aynaly 1komnat detskiy ...,12 sag öň,Ашхабад,71 TMT,https://tmcars.info/others/4226062448/taslama-21-komnat-eyesinden
Аталык Гурлушык.И.П. ,Paýly gurluşyk esasynda 3 ýyl möhlet bilen 2-3 otagly jaýlary berýäris...,12.01.2026,Дашогуз,,https://tmcars.info/others/3134534680/atalyk-gurlushykip
квартира мир 4 2 эт аркачка ,Мир 4 4/2 эт 2+1 столовая аркачка гос ремонт...,şu wagt,Ашхабад,62.000 TMT,https://tmcars.info/others/4247696579/kvartira-mir-4-2-et-arkacka
10мкр ,Гостинка 10 мкр напротив Ниязов больницы по Айтакова 4/2 этаж 1в2-комн...,şu wagt,10 мкр,31.300 TMT,https://tmcars.info/others/4247695969/10mkr
Satlyk jay 1mik 5ets 2kom eksm ,Mary saher 1mik Ýeniş fabirik yanda yol gyra 5ets 2kom ekismertalny Do...,şu wagt,Мары,535.000 TMT,https://tmcars.info/others/4236867036/satlyk-jay-1mik-5ets-2kom-eksm
Mir 3 ot Hozyaina ,Prodayotsya 3h komn kvartira. Rayon mir 3/2 Yubileynaya. Etaj 5. Obsha...,şu wagt,Мир 3,1 TMT,https://tmcars.info/others/4247689321/mir-3-ot-hozyaina
10 мкр 1 комн 2 этаж Госинка ,10 микрайон напротив Ниязовской больницы по Айтакова 4-этажный Панельн...,şu wagt,10 мкр,31.300 TMT,https://tmcars.info/others/4247686950/10-mkr-1-komn-2-etaj-gosinka
Satlyk jay Elitga Gyssagly ,Mary saher Kone yarmakan yanda yerlesya 4ets 3kom Elitga jay  Bahsy ...,şu wagt,Мары,,https://tmcars.info/others/4242222844/satlyk-jay-elitga-gyssagly
Satlyk jay 3mik 1ets 6komnat ,Mary saher 3mik Hormat Sowda Merkez yanda 1ets 6kom howlsy ba 3Girelge...,şu wagt,Мары,,https://tmcars.info/others/4232782510/satlyk-jay-3mik-1ets-6komnat
Satlyk jay Gussagly ️ ,Mary saher Perende 12sotga dok duzuw gussagly satylyar baha 1.500mln h...,şu wagt,Мары,300.000 TMT,https://tmcars.info/others/4225401137/satlyk-jay-gussagly
Satlyk jay 1mik 4ets 2kom ,Mary saher 1mik Ablasnoy balnisin onide yerlesya 4ets 2kom Wisyacy bal...,şu wagt,Мары,,https://tmcars.info/others/4225321923/satlyk-jay-1mik-4ets-2kom
Satlyk jay ,Dowletnama bar. 24 sotok jaýyñ gapdalynda jaý orun göterlen magazyn sa...,şu wagt,Гороглы (Тагта),650.000 TMT,https://tmcars.info/others/4205670756/satlyk-jay
Satlyk jay!!! Bayramaly ,"Satlyk jay!!!  Yerleşyan yer ş. Bayramaly, 7-nji jay toplumy (3-nji ek...",şu wagt,Байрамали,,https://tmcars.info/others/4121088890/satlyk-jay-bayramaly
MIR 7. 1 KOM LIFTIN ARKASY ,ЦЕНА ДОГОВОРНАЯ. МИР 7. 1 КОМ KWARTIRA  LIFTIN ARKASY. 1 ETAZ GOS. REM...,şu wagt,Мир 7,,https://tmcars.info/others/4222441522/mir-7-1-kom-liftin-arkasy
OLIMPIYSKIY 3. KOM ELITKA ,"ЦЕНА ДОГОВОРНАЯ. OLIMPIYSKIY 3 KOM ELITKA, 8 ETAZ , 147 M², GOS. REMON...",şu wagt,Олимпийский городок,,https://tmcars.info/others/4223609883/olimpiyskiy-3-kom-elitka
Satlyk jay nebitci 10 ,Nebitci 10 kv Jaya soz yok gapdalyndan magazyn edip bolya pikarny edip...,şu wagt,Балканабат,,https://tmcars.info/others/4238127968/satlyk-jay-nebitci-10
Geolog Änew daça 12 sotok ,"Satlyk Geolog daça Änew demirýolyñ añyrsynda ýerleşýär,12 sotok giñ me...",şu wagt,Анев,,https://tmcars.info/others/4247684047/geolog-anew-daca-12-sotok
16 tapgyr 3 kom 11 et ,16 tapgyr 11 etaz 3 komnat 187 kw.m. Gos remont doly satyn alnan b...,şu wagt,16-й этап,147 TMT,https://tmcars.info/others/4230032640/16-tapgyr-3-kom-11-et
Taslama 2 kom 3 etaz ,Taslama 2 komnat 3 etaz 95 kw.m. Dokument tayyn baha 79...,şu wagt,Ашхабад,79 TMT,https://tmcars.info/others/4238014408/taslama-2-kom-3-etaz
4 kom Mir 2 5 etaz ,"4 komnat Mir 2  5 etazka 5 etaz remont pes dokument tayyn baha 57,...",şu wagt,Мир 2,57.500 TMT,https://tmcars.info/others/4238080592/4-kom-mir-2-5-etaz
Gurtly 4/2 et 3 komnat ,Taze Gurtly 4/2 et 3 komnat 105m² ( 2023)  acylan remontlyja jay yerle...,şu wagt,Гуртли,,https://tmcars.info/others/4247193467/gurtly-4-2-et-3-komnat
pylan jay ,onusuk ba 8sotuk...,şu wagt,Гызыларбат,170.000 TMT,https://tmcars.info/others/4242121271/pylan-jay
30 mkr Plan 4 sotok ,30 mkr 2 komnat Plan 4 sotok howly remont orta baha 67...,şu wagt,30 мкр,67 TMT,https://tmcars.info/others/4238081390/30-mkr-plan-4-sotok
Mir7/1 1et 1kom goshly ,Mir7/1 Yunus'Emre kochesi boyuncha bazara golay 9/1etajy 1komnatly 48m...,şu wagt,Мир 7,41.500 TMT,https://tmcars.info/others/4247672980/mir7-1-1et-1kom-goshly
30 mkr 1 kom 3 etaz , 30 mkr Tashkent park 3 etaz 1 komnat beyik patolok remont orta ba...,şu wagt,30 мкр,36.300 TMT,https://tmcars.info/others/4238082301/30-mkr-1-kom-3-etaz
2 kom 4 etaz 11 mkr ,Мкр 11 Hudayberdiyew koce 4 etaz 2 komnat 64 kw.m. Remont orta dok...,şu wagt,11 мкр,43 TMT,https://tmcars.info/others/4242391530/2-kom-4-etaz-11-mkr
Satlyk Howly saher ,Satlyk jay Mary saher Muhadyn gapdaly Smu pasolkada yerlesyar howly ja...,şu wagt,Мары,31.000 TMT,https://tmcars.info/others/4247683288/satlyk-howly-saher
"Graždan Köçe., 4-Kom. Kwartira ","GyssaglySatýan Graždan Köçesi., 3-nji parkyň töwereginde., 4-(dö...",şu wagt,Хитровка,72.000 TMT,https://tmcars.info/others/4224397661/grazdan-koce-4-kom-kwartira
срочна сатлик 1ком ,срочно сатлик бай базар рядом 2этажка 2этаж 1 комнатная квартира сдела...,şu wagt,Дашогуз,350 TMT,https://tmcars.info/others/4247678729/srocna-satlik-1kom
ATATURK ELITKA 3 KOMNAT ,"АТАТУРК 3 КОМНАТНАЯ ЭЛИТКА, 125 М². ГОС. РЕМОНТ. ЧИСТАЯ.  МЕБЕЛЬ, ТЕХН...",şu wagt,Улица Ататурка,86.000 TMT,https://tmcars.info/others/4174138169/ataturk-elitka-3-komnat
Хозяин 2 ком 2эт. ,  ПРОДАЕТСЯ: 2-комнатная квартира в Ким Районе! (ОТ ХОЗЯИНА) ​Идеаль...,şu wagt,Ким район,50.000 TMT,https://tmcars.info/others/4247685175/hozyain-2-kom-2et
satlyk 4 kom ,"232 kw. 4 etaž  4 komnat, remontsyz....",şu wagt,Балканабат,335.000 TMT,https://tmcars.info/others/4241306575/satlyk-4-kom
5 МКР ,ОТ ХОЗЯИНА 5 МКР НАПРОТИВ ЛЯЛЯЗАРА 3 КОМ 1 ЭТ 3 ЭТ ДОМА 62 КВ ДВА ВЫХО...,şu wagt,Ашхабад,45 TMT,https://tmcars.info/others/4202366767/5-mkr
Mopra (Okean magazin) ,Mopra Okean Magazin 3/3 etaj (BOLGARKA) 1 komnata chisty remont dokume...,şu wagt,Ашхабад,34.300 TMT,https://tmcars.info/others/4242785739/mopra-okean-magazin
План Жай Акдашда ,"4 ком жай, 2 ком времянка дашында баня туалет, гараж, 10 куб басейин, ...",şu wagt,Туркменбаши,530.000 TMT,https://tmcars.info/others/4247691059/plan-jai-akdashda
Satlyk jay ,Mary saher 40 yyllyk kocede 1 nji Etaz 3 komnat Eksperementalny domda ...,şu wagt,Мары,,https://tmcars.info/others/4242230972/satlyk-jay
SATLYK KOTTEJ ,Mary şäher MESS-da döwrebap dizaýnerskiý salynan 2 gatly kotež öý goşl...,şu wagt,Мары,,https://tmcars.info/others/4247691785/satlyk-kottej
30 микр 2 ком ,30 микрайон островская 9/8 этаж 2 комнатная+ кухня...,şu wagt,Ашхабад,,https://tmcars.info/others/4242489842/30-mikr-2-kom
jay ,salam yanyma 600 mnt gyz ya gelin gerek  anew prkraturan arkasy bez ha...,şu wagt,Анев,600 TMT,https://tmcars.info/others/4247691753/jay
1 komnat ,Ashgabat yalkyn 1 etash 1 Komnat  girelge dashybdan ogorody bar  podwa...,şu wagt,Ашхабад,3 TMT,https://tmcars.info/others/4226611928/1-komnat
kwartira ,b-ly shaher yubileyny. gapdaly mekdep sadik bazar. goshlary bolekleyin...,şu wagt,Байрамали,440.000 TMT,https://tmcars.info/others/4247680996/kwartira
Gurtly 2017   2komnat  liftli ,"DOLY OKAŇ!!!      2017    liftli, gazly      Gurtly  4/4  etažy  2komn...",şu wagt,Ашхабад,74.000 TMT,https://tmcars.info/others/4247581178/gurtly-2017-2komnat-liftli
Satlyk elitka ,Talstoy koc 3et 2kom remont arassa pollary laminant ayynalary 2gat pla...,şu wagt,Мары,600.000 TMT,https://tmcars.info/others/4247683016/satlyk-elitka
Coganly 166mekdep 3sot ,Choganly  cheap tarap 1yetmankan 66mekdebin arkasy yeri gaty  3sot...,şu wagt,Чоганлы,53.000 TMT,https://tmcars.info/others/4247661721/coganly-166mekdep-3sot
️ 2 ком мир 1 дворик , 2 комнатная квартира. 1 этаж. Дворик. 2 выхода. После капитального...,şu wagt,Ашхабад,,https://tmcars.info/others/4247521859/-2-kom-mir-1-dvorik
Чоганлы коттедж 6 соток ,Чоганлы коттедж 6 соток 136м2.. Документы готовы...,şu wagt,Ашхабад,,https://tmcars.info/others/4247523750/coganly-kottedj-6-sotok
6 Mkr 3 komnat  Baha 41 ,6 Mkr 3/3 Etaz 3 komnat yerlesyan yeri gowy Hudayberdiyewa golay remon...,şu wagt,6 мкр,41 TMT,https://tmcars.info/others/4247651869/6-mkr-3-komnat-baha-41
Satlyk jaỳ ,Mary ş.Maýkowski 1 etaz 1 kom 2 edilen visyaci balkon remont arassa bö...,şu wagt,Мары,,https://tmcars.info/others/4223398846/satlyk-jay
Satlyk jaỳ  ,Mary ş.1 mkr titow Mary Moll gapdaly 4 etaz 2 kom ekspermental dom öỳ ...,şu wagt,Мары,,https://tmcars.info/others/4232880949/satlyk-jay
30mkr  1komnat   30 mkr  30мкр ,30mkr   3/2  etažy   1komnat 36m²    POŹARNYÑ GARŞYSY....arassa ýagdaý...,şu wagt,Ашхабад,34.900 TMT,https://tmcars.info/others/4247578420/30mkr-1komnat-30-mkr-30mkr
Tejen Jay ,Tejen 2_nji Mekr kurukdan gecende Rysgal sövda merkezin arkasy 1_nji e...,şu wagt,Теджен,,https://tmcars.info/others/4247682846/tejen-jay
emlak satlyk jay ,Jay taze bazaryn arkasynda yerlesyar .Plan wremyankasy bar .Planyn ust...,şu wagt,Мары,500 TMT,https://tmcars.info/others/4200403757/emlak-satlyk-jay
3 komn Gaudan W Full ,Gaudan W Aýtakowo. 3 komnatly. 2 etaz. 76m2. Hemme goşlary bilen. Tehn...,şu wagt,"Гаудан ""В""",81 TMT,https://tmcars.info/others/4222855428/3-komn-gaudan-w-full
satlyk kwartira ,"1 mrk , BERKARARLYK koce , Panel jay , 1 etaz , 2 komnat . Remont sred...",şu wagt,Мары,,https://tmcars.info/others/4247669519/satlyk-kwartira
10 МКР 1-КОМН 2-ЭТ ,10 МКР РАЙОН 27 ШКОЛЫ  1-КОМНАТНАЯ+ВЕРАНДА 37 М2 ОБЩАЯ ПЛОЩАДЬ НА 2-ЭТ...,şu wagt,10 мкр,38.000 TMT,https://tmcars.info/others/4238219553/10-mkr-1-komn-2-et
ГОСТИНКА 10МКР 1К 1ЭТ ,"ГОСТИНКА 10 МКР  1-КОМНАТНАЯ 40М2 на 1-ЭТАЖЕ В ПРОПИСКЕ ПУСТО, 2 ВЫХОД...",şu wagt,10 мкр,30.000 TMT,https://tmcars.info/others/4242300953/gostinka-10mkr-1k-1et
8 mkr   3 kom    turgenler ,ОТ ХОЗЯИНА  Продаётся просторная 3-комнатная квартира на 2 этаже 5-эта...,şu wagt,8 мкр,63.000 TMT,https://tmcars.info/others/4177986428/8-mkr-3-kom-turgenler
swoboda 30 mkr 1 kom 2 etaj ,Beyik potolok  2 etaj 1 kom 2 edilen  hemme zat galya propiska boş  По...,şu wagt,30 мкр,36.500 TMT,https://tmcars.info/others/4246122767/swoboda-30-mkr-1-kom-2-etaj
11 mkr 2 komnat Aytakow ,11 mkr 2 komnat +weranda 57.kw remontly arassa jay hemme goslary galya...,şu wagt,Ашхабад,42.000 TMT,https://tmcars.info/others/4247670581/11-mkr-2-komnat-aytakow
satlyk jay ,kw 146 2nji etaj 2komnat yolun ugry remont arassa hemme gosy galya bah...,şu wagt,Балканабат,,https://tmcars.info/others/4247679518/satlyk-jay
9 МКР  СУРИКОВА ,9 мкр по сурикова 2 ком переделаннаяв 3 ком открытый подьезд 3 этажка ...,şu wagt,9 мкр,52.000 TMT,https://tmcars.info/others/4242153952/9-mkr-surikova
srocno jay aljak mir 8 ,mir 8 jay gerek 2_3 kom...,şu wagt,Мир 8,,https://tmcars.info/others/4247679432/srocno-jay-aljak-mir-8
Подвойская ,"Подвойская элитка, 3 комнат 2 этаж с евро рем теплый пол+ мебль тежник...",şu wagt,ул. Подвойского (Битарап Туркменистан шаёлы),155.000 TMT,https://tmcars.info/others/4240488140/podvoiskaya
Срочно 3 ком Мир 1 ,Срочно  мир 1 рядом с поликлиникой 3 комнатная квартира . 85м2. 7 эт...,şu wagt,Ашхабад,,https://tmcars.info/others/4247529325/srocno-3-kom-mir-1
5mkr 1et 4komn ,"Satlyk 5mkr 1et 4komn 72m², ewroremont goşy bilen,  document taýyn, tý...",şu wagt,Ашхабад,61.000 TMT,https://tmcars.info/others/4247557071/5mkr-1et-4komn
Gurtly 2et 3komn 105m² ,"Satlyk taze Gurtly 3komn 2et 105m², yagdaýy arassa,  yerleşyan yeri Ha...",şu wagt,Ашхабад,84.900 TMT,https://tmcars.info/others/4247556048/gurtly-2et-3komn-105m
ipoteka göllibay proekt ,"ipoteka göllibay proekt, taze salynan miras bazaryñ dogyrsynnan girmel...",şu wagt,Дашогуз,120.000 TMT,https://tmcars.info/others/4247679017/ipoteka-gollibay-proekt
satlyk jaý ,satlyk jaý śatlyk śaherçe 2kom 4etaj prapisga boś baha 260tmt 1300mln...,şu wagt,Шатлык,260 TMT,https://tmcars.info/others/4247668253/satlyk-jay
Satlyk jaÿ ,Eyesi ozum Gurtly Gurbansoltanyn ugry dokument duzuw onusuk bar 3 kom ...,şu wagt,Гуртли,117 TMT,https://tmcars.info/others/4247678278/satlyk-jay
🧿 30Мкр. - 3 комнаты 🧿🧿🧿 ,30 Мкр. ближе к Свободе  3-х комнатная квартира на 12/5 этаже. Квартир...,şu wagt,30 мкр,61.000 TMT,https://tmcars.info/others/4178803497/-30mkr-3-komnaty
"Гагарина, 4 комнаты ","Ул.Гагарина - Ереванская, 4-х комнатная квартира на 4/3 этаже. Квартир...",şu wagt,"Район ст. Аэропорта, ул. Гагарина",57.000 TMT,https://tmcars.info/others/4225040962/gagarina-4-komnaty
Gurtly23 4/3et 4kom ,"Gurty23 Batly bazaryn Gurbansoltan eje kochesi tarap 4/3etajy 4komnat,...",şu wagt,Гуртли,101 TMT,https://tmcars.info/others/4247103673/gurtly23-4-3et-4kom
Mir2 3komnat ,№060 Mir2/4 48nji mekdebiň yany 9/5 etaž 3 komnat 86m² kw prihoşka Dok...,şu wagt,Ашхабад,67.200 TMT,https://tmcars.info/others/4247470161/mir2-3komnat
Hitrowka 2komnat Хитровка 2ком ,№058 Hitrowka Barhanny 20 magaziniň ýany 2/2 etaž 2 komnat bez remont ...,şu wagt,Ашхабад,29 TMT,https://tmcars.info/others/4247462919/hitrowka-2komnat-hitrovka-2kom
Mir8 Taze 4komnat ,№065 Täze Mir8/5 Surikow köçäniň ugry 9/7 etaž  4 komnat tutýan meýdan...,şu wagt,Ашхабад,91 TMT,https://tmcars.info/others/4247497959/mir8-taze-4komnat
SATLYK JAY ,30 MKR 1 KOM 45 M2 GOWDAN PLANIROWKA REMONT ARASSA.    4/1.    37.500....,şu wagt,30 мкр,37.500 TMT,https://tmcars.info/others/4247667662/satlyk-jay
"Mir-1, 1-Komnat. Kwartira ","MIR-1, ÝAŞLAR KÖÇ. (MOLODEŽNYÝ)  4 ETAŽLY JAÝLAR, 4-ETAJ  1-KOMNAT ...",şu wagt,Мир 1,,https://tmcars.info/others/4244887351/mir-1-1-komnat-kwartira
2 mikrayon 3 komnut 2 etaj ,2 mikrayon 3 etaj 2 komnut prapiska arassa dakument tayyn rimont orta...,şu wagt,Чарджоу,38 TMT,https://tmcars.info/others/4247677751/2-mikrayon-3-komnut-2-etaj
30 mkr 2 etaz Высоки Потолок ,30 Mkr Swobodan ugry 3/2etaz 1 kom edilen gos remont goslary galya dak...,2 sag öň,30 мкр,36.500 TMT,https://tmcars.info/others/4247382599/30-mkr-2-etaz-vysoki-potolok
МИР-4 4-КОМ ,МИР-4 9-ТИ ЭТАЖНЫЙ ДОМ ПО УЛИЦЕ МОСКОВСКАЯ 7-Й ЭТАЖ 4-КОМНАТЫ КВАДРАТН...,2 sag öň,Мир 4,,https://tmcars.info/others/4222052745/mir-4-4-kom
АМАТЛЫ 3-КОМНАТ ,11-мкр 4-х этажный крупнопанельный дом 4-й этаж 3-комнаты 72-м² в хо...,2 sag öň,11 мкр,49.500 TMT,https://tmcars.info/others/4229082116/amatly-3-komnat
Gurtly 3kom 3etaz ,Satlyk Gurtly 3kom 3etaz arassa remont yeri gowy hayradyn gapdaly goşl...,2 sag öň,Ашхабад,,https://tmcars.info/others/4247516683/gurtly-3kom-3etaz
Daça дача ,Ýerleşýän ýeri 1 nji daçada dokument ýagdaýy düzüw galany jaňda ýa sms...,şu wagt,Балканабат,150.000 TMT,https://tmcars.info/others/4200457868/daca-daca
Gurtly 3kom 2etaz ,Gyssagly Satlyk Gurtly 3kom 2etaz arassa remont goşlary galya  hayrata...,2 sag öň,Ашхабад,,https://tmcars.info/others/4247515007/gurtly-3kom-2etaz
